id,title,category,badge,is_free,char_count,word_count,thumbnail_path,html_file
281,30SEC BABY-GOAT FEEDING SATISFACTION VIDEOS,General,⭐ Premium,0,35111,4843,uploads/926cf2e4733cbb24b7e059a2.png,prompts/281.html
280,30SEC Beyond The Clouds,General,⭐ Premium,0,25408,3798,uploads/f0d86bb85606e86cd901a2fc.png,prompts/280.html
279,FAKE-LOST 1980s AMERICAN FANTASY COMEDY EPISODE,General,⭐ Premium,0,38471,5040,uploads/3f566f82167873056e28bc52.png,prompts/279.html
278,30SEC  AMERICAN ROADSIDE SUPERNATURAL ENCOUNTER,General,⭐ Premium,0,27505,4131,uploads/0fd79ae859b0e0be3d3bddd7.png,prompts/278.html
277,30SEC NIA & KOBU ADVENTURES,General,⭐ Premium,0,31292,3934,uploads/97f21cf388255071b8e19356.png,prompts/277.html
276,30 sec TODDLER + PARENTS VIRAL FAMILY MICRO-DRAMA,General,⭐ Premium,0,32727,4263,uploads/e79fe608fdb1d406e8472ef6.png,prompts/276.html
275,30SEC FIRUM + VIRUM INSPIRED,General,⭐ Premium,0,37408,4345,uploads/a2088fa661997ec76f927df3.png,prompts/275.html
274,30SEC TODDLER EMOTIONAL MICRO-DRAMA,General,⭐ Premium,0,31533,4047,uploads/83582f661461f3401b0d347c.png,prompts/274.html
273,30SEC BIRD NEST BUILDING / NEST CONSTRUCTION,General,⭐ Premium,0,33853,4757,uploads/87b8a05a29c0fbfc2fa46e74.png,prompts/273.html
272,30-SECOND CHILD WEIRD DRAWING ANIMALS IN REALITY,General,⭐ Premium,0,22494,2944,uploads/69e1b66e6eb6084b90980125.png,prompts/272.html
271,30SEC Toddlers Discover Gelato Delights,General,⭐ Premium,0,16128,2328,uploads/b38896d306fab2115c65f280.png,prompts/271.html
270,30-SECOND GIANT BEEHIVE,General,FREE,1,28722,3555,uploads/c7c5ce2f29fdf9f62e2a2545.png,prompts/270.html
269,30SEC Water Obstacle Challenge,General,⭐ Premium,0,23124,3240,uploads/e6d4ba952ebf122188b72f64.png,prompts/269.html
268,30-SECOND A ROMANTIC DATE WITH A YONG GIRL,General,⭐ Premium,0,53935,6506,uploads/1abc21bb0b66c86772a30217.png,prompts/268.html
267,30SEC BLINDFOLDED ARCANA - AAA MAGICAL SWORD GIRL,General,⭐ Premium,0,23024,2862,uploads/3d8c1d7610e2e10ca06bbc3a.png,prompts/267.html
266,30SEC VIRAL CHARACTER NAIL ART,General,⭐ Premium,0,47387,6562,uploads/92eda0e47782ef7d4b4dc533.png,prompts/266.html
265,30-SECOND 3D PIXAR STYLE ANIMATION VIDEO,General,⭐ Premium,0,42784,5704,uploads/ab4c9c83bff861ff9f0fed77.png,prompts/265.html
264,Unlimited Nano Banana Bulk Image Generation Tool | Free Download + No Watermark,Tools & Tutorials,FREE,1,84,9,uploads/dbe9af5b03ccb2169b2cea73.png,prompts/264.html
263,HYDRAULIC PRESS VIRAL CONTENT,General,⭐ Premium,0,27947,4248,uploads/d7daad2ccf78217d850aa589.png,prompts/263.html
262,30SEC WILDLIFE CONFLICT MINI-DOCUMENTARY,General,⭐ Premium,0,21676,3082,uploads/53888b26eb5dd83d05232191.png,prompts/262.html
260,30SEC EXPENCIVE SEAFOOD OCEAN-TO-TABLE TIMELAPSE VIDEO,General,⭐ Premium,0,33701,4950,uploads/1be0790385b0c571b39c0329.png,prompts/260.html
259,30SEC GIANT 3D MACHINE — EMPTY LAND TO LUXURY HOUSE,General,⭐ Premium,0,24003,3342,uploads/3acb722e859cf2c1f63accb2.png,prompts/259.html
258,30SEC Sylvester Stallone BTS,General,⭐ Premium,0,14983,2084,uploads/92f6d463e759522c0e960af1.png,prompts/258.html
257,30SEC. PREHISTORIC FAMILY HOLLYWOOD COMEDY-ADVENTURE,General,⭐ Premium,0,15304,2151,uploads/cea7ca57a3b5ff43547214fe.png,prompts/257.html
256,UNEXPECTED MOMENTS CAUGHT ON CEMERA,General,⭐ Premium,0,30329,4070,uploads/7ef6bc9b51f6ec15d27ab900.png,prompts/256.html
255,FREE AI AUTO EDITOR FOR EVERYONE — GOOGLE DRIVE DOWNLOAD LINK BELOW 🚀,Tools & Tutorials,FREE,1,606,86,uploads/1dbf63269502e5f615d2f447.png,prompts/255.html
254,"10-15 MINUTE STICKMAN ANCIENT SURVIVAL, LONG-FORM YOUTUBE SYSTEM",General,⭐ Premium,0,23565,3255,uploads/b138b96cf1d0f1bf247d0d49.png,prompts/254.html
253,USA EMOTINAL MILITARY FAREWELL,General,⭐ Premium,0,24951,3895,uploads/1270cbbbd8f4626fca386d87.png,prompts/253.html
252,WEIRD DRAWING BECOMES A REAL FOREST CREATURE,General,⭐ Premium,0,30910,4349,uploads/ac6774c12c27aa36a5001be4.png,prompts/252.html
251,ZOO GLASS ENCOUNTER,General,⭐ Premium,0,34110,5458,uploads/c39f4b0d634dbe0c7634d142.png,prompts/251.html
250,ROADSIDE WILD-ANIMAL REUNION,General,⭐ Premium,0,26376,3569,uploads/d0aee69b8f8f09840e1f7789.png,prompts/250.html
249,30-FOOT GIANTESS LIFESTYLE COMEDY,General,⭐ Premium,0,27429,3883,uploads/b74535693c1cef8d358b47f4.png,prompts/249.html
248,CLUELESS WIFE & MOM TECH-CLEANING DISASTER,General,⭐ Premium,0,29268,4218,uploads/98623a23035377e57ff67e4a.png,prompts/248.html
247,TINY HERO,General,⭐ Premium,0,34416,5294,uploads/8978a2664e23cb8b5ac2d476.png,prompts/247.html
246,PAWS & CHAOS UNIVERSE ANIMAL COMEDY UNIVERSE,General,FREE,1,33045,4705,uploads/c37a412728d35e531481d227.png,prompts/246.html
245,30SEC SEEDANCE 2.5 IMPOSSIBLE PASSENGER POV JOURNEY,General,⭐ Premium,0,33979,5219,uploads/c589ec4919f5e465e4f6ccbf.png,prompts/245.html
244,AMERICAN MILITARY BABY MEMORIAL,General,⭐ Premium,0,33229,4991,uploads/b6b28870a005c3c25446beb3.jpg,prompts/244.html
243,CIRCUS MAGIC & IMPOSSIBLE ANIMAL PERFORMANCE,General,⭐ Premium,0,35766,5472,uploads/2b6ed727aa7637d3ed2a8111.png,prompts/243.html
242,GRANDPA AND GRANDSON,General,⭐ Premium,0,26087,4033,uploads/4b3719d41517009d6d32b2ee.png,prompts/242.html
241,3D SCULPTURAL CAKE TIMELAPSE,General,⭐ Premium,0,32265,4887,uploads/bd47692cc36cee17d4147ffe.png,prompts/241.html
240,SMART-CAT,General,⭐ Premium,0,29253,4202,uploads/f046ab65b233fc9950e9b76a.png,prompts/240.html
239,NIGHT WILDLIFE DISCOVERY,General,⭐ Premium,0,31522,4820,uploads/6022db710aeb6f27d629484e.png,prompts/239.html
238,VOX STYLE LONG 10-30 MINUTE Animation,General,⭐ Premium,0,31675,4561,uploads/8c65071c14f72537fd6a38d0.png,prompts/238.html
237,VOX STYLE Short 30 sec Animation,General,⭐ Premium,0,13933,2211,uploads/566f0c35a5727d196fb20fb9.png,prompts/237.html
236,MYTHICAL CREATURE & CRYPTID FOUND-FOOTAGE,General,⭐ Premium,0,22294,3404,uploads/3d8ad8bd8c86ccb052990162.png,prompts/236.html
235,FUTURISTIC LUXURY HYPERCAR ARRIVAL,General,⭐ Premium,0,28115,4455,uploads/2d0963ece33a8bc204572105.png,prompts/235.html
234,30SEC DRAGON EXTREME POV ADVENTURE,General,⭐ Premium,0,24792,3803,uploads/942445f61351a36409cda7eb.png,prompts/234.html
233,RAMP WALK,General,⭐ Premium,0,23282,3539,uploads/a8b27e6e5bf4220045523378.png,prompts/233.html
232,MACRO OBJECT INTERACTION / DESTRUCTION ASMR,General,⭐ Premium,0,29565,4345,uploads/5440eb725c9fcbc1a4ecca51.png,prompts/232.html
231,PET GROOMING + SPA + ASMR,General,FREE,1,26175,4164,uploads/22598aaad33138169a463167.png,prompts/231.html
230,BLACK AMERICAN VIRAL FACEBOOK MICRO-DRAMA,General,⭐ Premium,0,31279,4382,uploads/f498b90e51b3d9d5a9537abd.png,prompts/230.html
229,UNDERWATER GIANT CREATURE SURVIVAL & RESCUE,General,⭐ Premium,0,31721,4561,uploads/acb53f8954f3c57078cd3708.png,prompts/229.html
228,VIRAL FANTASY BIRD DISCOVERY,General,⭐ Premium,0,24259,3784,uploads/dfd63b1390725ee24c748475.png,prompts/228.html
227,CHILD DRAWING BECOMES REAL CREATURE,General,⭐ Premium,0,24567,3844,uploads/29e9cb7a3015334cca10b991.png,prompts/227.html
226,"V2 - DRAMATIC PARROT, PET & CUB SOFA CHALLENGE",General,⭐ Premium,0,27174,4390,uploads/75ec818a5dd12fd3935215e6.png,prompts/226.html
225,Dola Watermark Remover & 4K Enhancer,Tools & Tutorials,⭐ Premium,0,106,4,uploads/389695890c1dbb1edfbc5d5f.png,prompts/225.html
224,"VIRAL DRAMATIC PARROT, PET & CUB",General,⭐ Premium,0,23721,3787,uploads/63d63d564d2e82b63676c50e.png,prompts/224.html
223,Psychlume DARK PSYCHOLOGY,General,⭐ Premium,0,11020,1611,uploads/10858e3b07fe45b6b6e30431.png,prompts/223.html
222,Whisprs STYLE MASTER PROMPT,General,FREE,1,25231,3866,uploads/ff512de66834f7e3aa1a2324.png,prompts/222.html
221,IMPOSSIBLE HYBRID CREATURE,General,⭐ Premium,0,22213,3296,uploads/764a3c621c25490384f94478.png,prompts/221.html
220,INTELLIGENT CROW,General,⭐ Premium,0,22594,3356,uploads/3fc797058aec67a4b8e23df8.png,prompts/220.html
219,Viral 3D Baby Family Micro-Story,General,FREE,1,26436,3945,uploads/5636f1ebb4de028b4cd76672.png,prompts/219.html
218,Micro-Camera Animal,General,⭐ Premium,0,30648,4489,uploads/fddac4609fa9c87d1e6a0bf5.png,prompts/218.html
217,DANCING PET,General,⭐ Premium,0,43712,6753,uploads/ed7df3e2cef85cef9ba20214.png,prompts/217.html
216,CARDBOARD DIY,General,⭐ Premium,0,23345,3419,uploads/33e3e5c9cb42ea18e14bfd1f.png,prompts/216.html
215,BIOMECHANICAL ROBOT ANIMAL,General,⭐ Premium,0,27575,4186,uploads/a61cda416337bbc38aea06b3.png,prompts/215.html
214,SWITZERLAND POV,General,⭐ Premium,0,30345,4381,uploads/4cc751acca2c02160d25b7cf.png,prompts/214.html
213,VIRAL INVISIBLE REPAIR TRANSFORMATION SYSTEM,General,⭐ Premium,0,31984,4656,uploads/6b26e859e71284398d04d509.png,prompts/213.html
212,VIRAL RESTORATION BEFORE-AFTER TRANSFORMATION,ASMR & Satisfying,⭐ Premium,0,11551,1691,uploads/8dcf346769cbaf8ef2a3be99.png,prompts/212.html
211,DEEP SEA GIANT CREATURE ATTACK,Historical & Nostalgia,⭐ Premium,0,16910,2632,uploads/7c44a3e999dac4aa5eb8cba1.png,prompts/211.html
210,Miniature Construction,Art & Animation,⭐ Premium,0,12511,1830,uploads/e423e63f8cef7c12ef132d3b.png,prompts/210.html
209,NATURE CRAFT SCULPTURE,Art & Animation,⭐ Premium,0,11716,1705,uploads/5fec230de642fe3c27bf8c1d.png,prompts/209.html
208,FANTASY DREAMSCAPE,Historical & Nostalgia,⭐ Premium,0,25172,3743,uploads/bf912cba1597f748c1a53b58.png,prompts/208.html
207,WATERMELON SCULPTURE,Art & Animation,FREE,1,31969,4502,uploads/8426c8551cbbe6cc7e2f26e3.png,prompts/207.html
206,CARDBOARD,Art & Animation,⭐ Premium,0,22493,3113,uploads/9c0672ca90a7b91c9cd59009.png,prompts/206.html
205,POV REAL WORLD CARTOON,Nature & Wildlife,⭐ Premium,0,42149,6061,uploads/8c44a3f415171800ee634108.png,prompts/205.html
204,USA VIRAL GROUPER VS OCTOPUS UNDERWATER,Historical & Nostalgia,⭐ Premium,0,24557,3798,uploads/081608713bb4417314e4c177.png,prompts/204.html
203,2D ANIME ASMR COOKING,Food & Cooking,⭐ Premium,0,19743,3116,uploads/f2519ff84c3463bf595d0c5a.png,prompts/203.html
202,VIRAL BABY + PARENTS DOMESTIC,Kids & Family,⭐ Premium,0,32575,5128,uploads/f5a0d519855f8bf60abf6d47.png,prompts/202.html
201,MINIATURE FOOD-ART,Art & Animation,⭐ Premium,0,25721,3890,uploads/716f0fe4017d08b930bf5b1b.png,prompts/201.html
200,TINY LIVING ANIMALS ON FINGERTIPS,Animal & Pets,⭐ Premium,0,23437,3385,uploads/d14063268d535b60508ea6a7.png,prompts/200.html
199,VIRAL PUPPY & BABY ANIMAL REACTION,Animal & Pets,⭐ Premium,0,23107,3398,uploads/871b8ce8ea0b54293b31285d.png,prompts/199.html
198,VEHICLE TRANSFORMATION,Historical & Nostalgia,⭐ Premium,0,29252,3841,uploads/29878b41f5e0ba67a1577529.png,prompts/198.html
197,DRONE LIGHT SHOW,ASMR & Satisfying,⭐ Premium,0,10400,1672,uploads/7cb9bfd9ad8c017362599f68.png,prompts/197.html
196,IMPOSSIBLE ANIMAL ENCOUNTER,Comedy & Entertainment,⭐ Premium,0,18373,2582,uploads/a34112745a430bf36fa66d27.png,prompts/196.html
195,WHOLE-FISH CUTTING ASMR,Art & Animation,⭐ Premium,0,16558,2554,uploads/6f2ea4fc23e3264b0e995413.png,prompts/195.html
194,GIANT SEAFOOD CUTTING,ASMR & Satisfying,⭐ Premium,0,13359,1950,uploads/9818d25f10f2bcc6f178a0d4.png,prompts/194.html
193,VIRAL HAND NAIL-ART TRANSFORMATION,Art & Animation,⭐ Premium,0,26022,4027,uploads/629bd5cc95b8141274b080c4.png,prompts/193.html
192,"GIANT ROCKET, FIREWORK & NIGHT-SKY",ASMR & Satisfying,⭐ Premium,0,22352,3137,uploads/0ffb06c22b4a1cf19f4dca31.png,prompts/192.html
191,BEARDED DRAGON EATING,Animal & Pets,FREE,1,24663,3928,uploads/48c34fb7b86a9d5bd227d728.png,prompts/191.html
190,Magical Fish Bathtub,Animal & Pets,FREE,1,22199,3555,uploads/001db815e3448b886c9aaefd.png,prompts/190.html
189,RAINBOW SMOKE GRAND ENTRY,ASMR & Satisfying,⭐ Premium,0,20475,3164,uploads/7163e4f9a53061ac47e1a55e.png,prompts/189.html
188,SPORTS LEGEND,Sports & Action,⭐ Premium,0,21329,3075,uploads/8ef3f04cdffd3e5c54d79012.png,prompts/188.html
187,BIG-COIL SNAKE,Nature & Wildlife,⭐ Premium,0,22223,3565,uploads/046bb63d319b4e8b8981ceef.png,prompts/187.html
186,SLAP WAR,Sports & Action,⭐ Premium,0,17331,2681,uploads/6f5da5d8e98bf7d8640c8c51.png,prompts/186.html
185,MINIATURE MOVIE BEHIND-THE-SCENES,Fantasy & Sci-Fi,⭐ Premium,0,28605,3956,uploads/dda9212c574452cc3217029d.png,prompts/185.html
184,Nature’s Tiny Doctors,Animal & Pets,⭐ Premium,0,24499,3554,uploads/4658192afd6bf4724f4a3306.png,prompts/184.html
183,MUKBANG DOG USA,Food & Cooking,⭐ Premium,0,27193,3933,uploads/cc9aca6775d27a8fbf868bd8.png,prompts/183.html
182,DIY CRAFT VIDEOS MASTER PROMPT,ASMR & Satisfying,⭐ Premium,0,10285,1532,uploads/4f483386e5918d0349d8ed81.png,prompts/182.html
181,INDUSTRIAL SHREDDER CRUSHING,ASMR & Satisfying,⭐ Premium,0,14421,1983,uploads/328fb5de39a55f76de115e46.png,prompts/181.html
180,INDIAN ROYAL SURVIVAL GAME,Fantasy & Sci-Fi,⭐ Premium,0,22222,3218,uploads/511683fc9d832dbd16d16010.png,prompts/180.html
179,USA SENIOR CITIZEN,Comedy & Entertainment,⭐ Premium,0,25663,4008,uploads/cb3eed016aef701685688283.png,prompts/179.html
178,DOG TRAINER INTELLIGENCE CHALLENGE,Animal & Pets,⭐ Premium,0,17723,2557,uploads/75bb4f59ef0f87bcf852ab2a.png,prompts/178.html
177,USA BABY & PETS NIGHT-VISION RESCUE,Kids & Family,⭐ Premium,0,18339,2751,uploads/6c603b4eabeee17f137329b9.png,prompts/177.html
176,GIANT CAUGHT ON CAMERA 2.0,Historical & Nostalgia,⭐ Premium,0,48553,7487,uploads/b3ff7d01357c52d15707652a.png,prompts/176.html
175,DOODLE WORLD STUDIO,DIY & Crafts,⭐ Premium,0,44015,6382,uploads/585585333ed9c3da754125d5.png,prompts/175.html
174,BABY + TALKING HUSKY,Animal & Pets,⭐ Premium,0,22867,3488,uploads/a2cecf0303f81515efd66a04.png,prompts/174.html
173,PALM-SIZED MICRO PUPPY,Animal & Pets,⭐ Premium,0,27425,3953,uploads/40a548496b4bb4e220207901.png,prompts/173.html
172,EXTREME AMERICAN LAKE BLOB LAUNCH,Comedy & Entertainment,⭐ Premium,0,23344,3488,uploads/31316f614cd7080bee97450b.png,prompts/172.html
171,USA 1950s–1970s LOST RETRO TELEVISION SHOW,Historical & Nostalgia,⭐ Premium,0,27953,3576,uploads/1f03ccf89d386cfafbc9e78c.png,prompts/171.html
170,VIRAL BABY OTTER,Animal & Pets,⭐ Premium,0,19809,2995,uploads/ea8f2895fbbf3a0c1823ec58.png,prompts/170.html
169,SADHU & WILD-ANIMAL MIRACLE,Nature & Wildlife,⭐ Premium,0,38674,5793,uploads/906a825e77179b9b0a679a5f.png,prompts/169.html
168,1 year baby funny,Kids & Family,⭐ Premium,0,24516,3658,uploads/691b36f8ee994206ee6de3b5.png,prompts/168.html
167,AMERICAN GIANT CROCODILE ZOO FEEDING,Nature & Wildlife,⭐ Premium,0,21295,3148,uploads/88584c4ea267a0ed1f3dd02d.png,prompts/167.html
166,LIVING STATUE SOCIAL COMEDY,Comedy & Entertainment,⭐ Premium,0,23035,3224,uploads/7fcd4787deb1e37d125c909b.png,prompts/166.html
165,UNDERWATER SEA URCHIN COLLECTION,Nature & Wildlife,⭐ Premium,0,23921,3558,uploads/ec47ac3e8b7c2a79f44b0349.png,prompts/165.html
164,AMERICAN FARM-ROAD ANIMAL FAMILY RESCUE,Animal & Pets,⭐ Premium,0,17284,2542,uploads/78ba4083df67fbcf7aa36f4c.png,prompts/164.html
163,STONE ART + SATISFYING PAINTING ASMR,Art & Animation,⭐ Premium,0,23997,2968,uploads/8e6e297a71037cef60f8a8c1.png,prompts/163.html
162,ANIMAL DRIVER CHAOS,Animal & Pets,⭐ Premium,0,23318,3102,uploads/27ccb3209b669ac2cd1e029e.png,prompts/162.html
161,dolphin,Animal & Pets,⭐ Premium,0,18939,2437,uploads/525ee02f004a390aa5146fc9.png,prompts/161.html
160,ULTRA MASTER PROMPT — HYPER-REALISTIC 4D CINEMA SCREEN BREAKOUT VIRAL VIDEO SYSTEM,General,⭐ Premium,0,16009,2231,uploads/9a6ffd2c75887701ed1f3660.png,prompts/160.html
159,REALISTIC MINIATURE FUNCTIONAL VEHICLE ASMR SERIES,ASMR & Satisfying,⭐ Premium,0,17544,2397,uploads/92af3ae51945326aea89e407.png,prompts/159.html
158,PHOTOREAL FANTASY CREATURE FAMILY VIRAL SHORTS,Animal & Pets,⭐ Premium,0,14263,1855,uploads/ed367d20907ef0b273294742.png,prompts/158.html
157,PHOTOREALISTIC ANTHROPOMORPHIC ANIMAL COMEDY VIRAL SYSTEM,Animal & Pets,⭐ Premium,0,20390,2913,uploads/ee11d67a511853dc0d529e85.png,prompts/157.html
156,TINY HANDMADE CERAMIC ASMR,Art & Animation,⭐ Premium,0,13711,1953,uploads/368f555495d690e8a8d187af.png,prompts/156.html
155,DIY TRANSFORMATION,General,⭐ Premium,0,14629,2043,uploads/2258fc8903a01ee257348414.png,prompts/155.html
154,ELENA DIY & CRAFT,ASMR & Satisfying,⭐ Premium,0,19161,2777,uploads/68cde9b6855f4def5ec5f5de.png,prompts/154.html
152,ANIMAL RUNWAY PHOTOSHOOT,General,⭐ Premium,0,25189,3471,uploads/68e0c554445457681d1233d9.png,prompts/152.html
151,PARROT FUNNY TALK,General,⭐ Premium,0,11999,1808,uploads/6b83e312bd9e88771a72c5eb.png,prompts/151.html
150,GIANT ANIMAL SHOW TIME,General,⭐ Premium,0,8152,1263,uploads/2126c005b126f824b0f41ef0.png,prompts/150.html
149,Hollywood blockbuster behind-the-scenes,General,⭐ Premium,0,14047,1907,uploads/3019a03fb17a64429fc2e7b1.png,prompts/149.html
148,SLAP WAR SPORTS,General,⭐ Premium,0,9427,1346,uploads/4fa6c8005ddd06b4c758d6da.png,prompts/148.html
147,Dancing Cactus vs Baby,General,⭐ Premium,0,12569,1824,uploads/e9c3576ab381d007ade195d7.png,prompts/147.html
146,RUBIK CUBE ASSEMBLING,General,⭐ Premium,0,12243,1629,uploads/0251d852ae35e6960c27893b.png,prompts/146.html
145,SYLVESTER STALLONE USA HERO DRAMA UNIVERSE,Emotional & Inspirational,⭐ Premium,0,27484,3628,uploads/5175b3ae8190044edd2c49b9.png,prompts/145.html
144,Funny Baby Podcast,Kids & Family,⭐ Premium,0,22035,3248,uploads/f370a2eb91f51a634e12d086.png,prompts/144.html
143,Concrete Staircase Satisfying Object Destruction,ASMR & Satisfying,⭐ Premium,0,15336,2346,uploads/db436cecdf08ad57c28db8c7.png,prompts/143.html
142,Viral Puppy & Baby Animal Reaction,Animal & Pets,⭐ Premium,0,23107,3398,uploads/255204156659ffdd76db62b7.png,prompts/142.html
141,Viral Pet Comedy Video System,Animal & Pets,⭐ Premium,0,24984,3629,uploads/cba06d49fdf5b8751896bc12.png,prompts/141.html
140,Raw Real-World Digital Animal Circus,Fantasy & Sci-Fi,⭐ Premium,0,26616,4013,uploads/b1c19de81b5596ca27fbdc34.png,prompts/140.html
139,USA Mega Tornado Disaster,Nature & Wildlife,⭐ Premium,0,39522,5545,uploads/7a93b42a32798dbde73ab675.png,prompts/139.html
138,American Billionaire Kindness,Emotional & Inspirational,⭐ Premium,0,21306,2973,uploads/ad20db534887234e69b8880f.png,prompts/138.html
137,Tattoo Machine Viral,ASMR & Satisfying,⭐ Premium,0,22005,3116,uploads/f3082322d7d225c8e9cd1077.png,prompts/137.html
136,Colossal Creature Caught on Camera,Nature & Wildlife,⭐ Premium,0,20622,2947,uploads/d06d6a38865a4f43f47006dd.png,prompts/136.html
135,USA Fallen Soldier Family Final Tribute,Emotional & Inspirational,⭐ Premium,0,26522,3844,uploads/1b62bc6c1008d3975e35f895.png,prompts/135.html
134,Real-World Fantasy Survival Challenge,Fantasy & Sci-Fi,⭐ Premium,0,22504,3289,uploads/edb9ed490095cb0a893faf9e.png,prompts/134.html
133,Superpower Animal Confrontation,Animal & Pets,⭐ Premium,0,25290,3717,uploads/864278ec06388f90c464c157.png,prompts/133.html
132,Real-World Fantasy Wildlife,Nature & Wildlife,⭐ Premium,0,20838,2968,uploads/dba13e2b527d72b5d8d339a2.png,prompts/132.html
131,Raw Secret Pet Roleplay Viral Video,Animal & Pets,⭐ Premium,0,18674,2743,uploads/d50315aa4613208a486a0473.png,prompts/131.html
130,Seedance 2.0 Miniature Cooking,Food & Cooking,⭐ Premium,0,13695,1952,uploads/8f9a693b019fabb2a7ba8a02.png,prompts/130.html
129,Raccoon vs Fat Orange Cat Prank,Animal & Pets,⭐ Premium,0,22727,3244,uploads/ff62a7478241467f35934542.png,prompts/129.html
128,Paper-Craft Video,DIY & Crafts,⭐ Premium,0,46908,7202,uploads/924a745296241a6c7290fdb8.png,prompts/128.html
127,Layered Paper Craft & Natural Handmade Art,DIY & Crafts,⭐ Premium,0,30638,4467,uploads/11920c86b4caacd5573c811b.png,prompts/127.html
126,Miniature Food Viral Short,Food & Cooking,⭐ Premium,0,16769,2383,uploads/209dc4c608781fd0532452de.png,prompts/126.html
125,Horror Coaster POV Ride,Sports & Action,FREE,1,4473,634,uploads/2a4c94c7f564694c053f5586.png,prompts/125.html
124,Viral Talking Dog Human-Role Comedy,Animal & Pets,⭐ Premium,0,11782,1717,uploads/d33a98a594ec263ba2f51a58.png,prompts/124.html
123,Magical Storybook Transformation Video Prompt,Fantasy & Sci-Fi,⭐ Premium,0,11778,1753,uploads/1d79c5827bc58bac42d06f26.png,prompts/123.html
122,Comedy Interview / Cute Kid Talk-Show Moment,Kids & Family,⭐ Premium,0,19221,2948,uploads/4a71330f63ffdd1b4ebcd984.png,prompts/122.html
121,Weird Creature Salon Glow-Up,Fantasy & Sci-Fi,⭐ Premium,0,13889,2199,uploads/a3a21c89253d883753af8ede.png,prompts/121.html
120,Dream Nostalgia Seedance 2.0,Historical & Nostalgia,⭐ Premium,0,22982,3408,uploads/8078b38c30668922195cac57.png,prompts/120.html
119,RC Car Revenge Prank,Comedy & Entertainment,⭐ Premium,0,15590,2406,uploads/09b7505e9045ee6ea17d7124.png,prompts/119.html
118,Viral Football Cartoon Video,Sports & Action,⭐ Premium,0,12362,1850,uploads/5859ab1e9371fafea438f756.png,prompts/118.html
117,3D Anatomy Mobility Explainer,Art & Animation,⭐ Premium,0,11481,1626,uploads/35b11804167e68c16bb9e1f6.png,prompts/117.html
116,Car Evolution Prompts,Art & Animation,⭐ Premium,0,17544,2558,uploads/fd63795d4025ddda0edabb49.png,prompts/116.html
115,Roblox Girl Viral Short,Comedy & Entertainment,⭐ Premium,0,16747,2515,uploads/d7a9b5862cbb4f9f26679044.png,prompts/115.html
114,Animal POV Discovery,Nature & Wildlife,⭐ Premium,0,9633,1436,uploads/1297098ddf20de829a1a1d4f.png,prompts/114.html
113,Doodle Slapstick Cartoon,Art & Animation,⭐ Premium,0,7989,1198,uploads/e45c9bf3682251cec4ead814.png,prompts/113.html
112,Mini Wooden Car Transformation,DIY & Crafts,⭐ Premium,0,4759,719,uploads/a6c0b2a48ad527c0c2afbe1d.png,prompts/112.html
111,2D Stickman Meme,Art & Animation,⭐ Premium,0,10647,1580,uploads/c40bd7995498e7ecf5d25c98.png,prompts/111.html
110,3D Slapstick Desert Animation,Art & Animation,⭐ Premium,0,7615,1103,uploads/d3b52fc22bc7a9896b3e6497.png,prompts/110.html
109,Emotional Miniature World Rescue,Emotional & Inspirational,⭐ Premium,0,8579,1195,uploads/64789a79cefb122f8acbfc61.png,prompts/109.html
108,Water Slide POV,Sports & Action,⭐ Premium,0,18106,2745,uploads/db789d9bf77878eeb079fd47.png,prompts/108.html
107,Historical POV Shorts,Historical & Nostalgia,⭐ Premium,0,11228,1693,uploads/5939eac493c7006ec94bbaaf.png,prompts/107.html
106,Nature Craft Sculpture,Art & Animation,⭐ Premium,0,11716,1705,uploads/657795d8f6dad6b6a7bf7f05.png,prompts/106.html
105,Miniature Construction,DIY & Crafts,⭐ Premium,0,12511,1830,uploads/d827d9a406722084a2ccd1b0.png,prompts/105.html
104,Deep Sea Giant Creature Attack,Nature & Wildlife,⭐ Premium,0,16910,2632,uploads/e9c980f33991b7031ce09370.png,prompts/104.html
103,Magical Desert Discovery,Nature & Wildlife,⭐ Premium,0,22243,3553,uploads/26ca49413647cb1ed48161ae.png,prompts/103.html
102,Raw American Life Stories / USA Emotional Drama,Emotional & Inspirational,⭐ Premium,0,21304,3076,uploads/1c48727a78dcd414e2a6f794.png,prompts/102.html
101,Viral Micro Fantasy Nature Discovery,Nature & Wildlife,⭐ Premium,0,18188,2771,uploads/7f36095d12824d827eb41fa4.png,prompts/101.html
100,1930 Retro Cartoon Master Prompt,Art & Animation,⭐ Premium,0,14151,2027,uploads/f5ed64ae65a1511c5bca3849.png,prompts/100.html
99,POV Jet Ski Lost Shipping Container,Sports & Action,⭐ Premium,0,8974,1345,uploads/f6ebed022f1959f1e3ebb04b.png,prompts/99.html
98,Viral Ninja Stage Performance 2,Sports & Action,⭐ Premium,0,14259,2042,uploads/3508ab18f23c74b16bf8852d.png,prompts/98.html
97,Raw Discovery-Style Grizzly Family,Nature & Wildlife,⭐ Premium,0,23045,3337,uploads/c410db6a83279e1dc3465279.png,prompts/97.html
96,Heavenly Dream Nostalgia World,Historical & Nostalgia,⭐ Premium,0,33429,4765,uploads/2698ea9cd1cdf6f7a52035e0.png,prompts/96.html
95,Magical Big Circus Video,Fantasy & Sci-Fi,⭐ Premium,0,18155,2514,uploads/d625f53954a38e93abd6ceed.png,prompts/95.html
94,Grounded Real-World Fantasy Short-Movie,Fantasy & Sci-Fi,⭐ Premium,0,19033,2659,uploads/66d1f6f2e0684caf020b44b0.png,prompts/94.html
93,Bizarre Wildlife Creature + Female Observer,Nature & Wildlife,⭐ Premium,0,23606,3614,uploads/5ac92fc3e910e58d4d4044d1.png,prompts/93.html
92,Viral Painted Wood Scroll-Saw Cutting,DIY & Crafts,⭐ Premium,0,16298,2567,uploads/c98c394b4be9c0d2e58d3c2d.png,prompts/92.html
91,Emotional Handmade Art Viral Video,Art & Animation,⭐ Premium,0,20321,2914,uploads/c6b8e001c14d8bb55d3d1c0e.png,prompts/91.html
90,Viral Chihuahua vs American Bully Prank Comedy Video,Animal & Pets,⭐ Premium,0,29986,4346,uploads/058db6028c5088243454de44.png,prompts/90.html
89,Viral Miniature Vehicle Assembly ASMR,ASMR & Satisfying,⭐ Premium,0,20668,2876,uploads/2a88db0bd0647447aa713a90.png,prompts/89.html
88,Botanical Branch Craft,DIY & Crafts,⭐ Premium,0,18970,2936,uploads/7f3b89b57759b9db4ad8565e.png,prompts/88.html
87,Viral Botanical Assemblage & Natural Material Relief Art,Art & Animation,⭐ Premium,0,12824,1847,uploads/d544bc7671d736fbaffae419.png,prompts/87.html
86,Baby Foot Spa Garra Fish Viral USA Content,ASMR & Satisfying,⭐ Premium,0,9883,1537,uploads/cfcd8feb19a4858a5fb0840d.png,prompts/86.html
85,USA Baby Sports,Kids & Family,⭐ Premium,0,16831,2404,uploads/bcf696678fb110567e95eacb.png,prompts/85.html
84,Sandbox Two Animal Fight,Animal & Pets,⭐ Premium,0,10495,1738,uploads/cb9e334bd14d4f6d000a19a4.png,prompts/84.html
83,Giant Hand Landmark Drop / World Monument Creation,Fantasy & Sci-Fi,⭐ Premium,0,16344,2214,uploads/5a84ad7d3264ae2de37b94e7.png,prompts/83.html
82,Newborn Mythical Creature POV,Fantasy & Sci-Fi,⭐ Premium,0,15960,2335,uploads/85dd82e8043ec4117a8d41d0.png,prompts/82.html
81,Chihuahua + French Bulldog Funny Comedy,Animal & Pets,⭐ Premium,0,12134,1943,uploads/2a93daba7e00d534ec14b3f7.png,prompts/81.html
80,FIFA World Cup 2026 Caught in 4K Stadium Fan-Cam,Sports & Action,⭐ Premium,0,18142,2758,uploads/6e4a41a964881d660b5a1d34.png,prompts/80.html
79,Global Aircraft Landing + Takeoff Viral Seedance 2.0 Video,Sports & Action,⭐ Premium,0,17712,2586,uploads/aa1ccaa7416bb4917558c2cb.png,prompts/79.html
78,FIFA World Cup 2026 Focus Stadium Girl,Sports & Action,⭐ Premium,0,14824,2245,uploads/79d33484138d329f9e01fbd7.png,prompts/78.html
77,"Aircraft Landing, Takeoff",Sports & Action,⭐ Premium,0,34724,4907,uploads/3fa471c887eac41da2fda10d.png,prompts/77.html
76,Two-Dog Comedy Universe,Animal & Pets,⭐ Premium,0,35611,5174,uploads/197a6db11451c4ee704a2cd3.png,prompts/76.html
75,Dragon POV,Fantasy & Sci-Fi,⭐ Premium,0,13408,1811,uploads/45cc15b62d42d6ef349550d2.png,prompts/75.html
74,Viral Ocean Predator Documentary,Nature & Wildlife,⭐ Premium,0,26724,3830,uploads/86340f54c3208669c6953030.png,prompts/74.html
73,Historical POV Seedance Director,Historical & Nostalgia,⭐ Premium,0,28881,4041,uploads/c5e60a3ffd58d4db118d0386.png,prompts/73.html
72,Ninja Stage Reels,Sports & Action,⭐ Premium,0,24519,3498,uploads/c9e0e7c2e272231e7e4e5162.png,prompts/72.html
71,USA Viral Hidden Identity + Instant Justice,Emotional & Inspirational,⭐ Premium,0,23603,3459,uploads/31721d8fd7103b6782d59fe7.png,prompts/71.html
70,Viral Tiny Puppy Chooses One Baby at Real American Animal Shelter,Animal & Pets,⭐ Premium,0,19820,2956,uploads/3c6354a2ed1d136d0ce33169.png,prompts/70.html
69,Viral Brown Chihuahua Husband + White Chihuahua Wife Comedy,Animal & Pets,⭐ Premium,0,23045,3294,uploads/cc73f7f1acf664a86879b64d.png,prompts/69.html
68,USA Big Boy and Baby Boy Fight,Kids & Family,⭐ Premium,0,16676,2405,uploads/fd381a6558e4de038791ca92.png,prompts/68.html
67,USA Childhood Nostalgia,Historical & Nostalgia,⭐ Premium,0,21847,3331,uploads/ddda111f211dda2220ba49d8.png,prompts/67.html
66,"Chihuahua, Pug and American Bulldog",Animal & Pets,⭐ Premium,0,17235,2639,uploads/9d173794b0a6e62d7e96d912.png,prompts/66.html
65,FIFA 2026 Girls + Funny Food Challenge Full Package,Sports & Action,⭐ Premium,0,11695,1810,uploads/cbd7276278f51b21a8950c38.png,prompts/65.html
64,FIFA Fox Reaction Girls + Animal Full Package,Sports & Action,⭐ Premium,0,17973,2437,uploads/328e6a3575fa88023a647897.png,prompts/64.html
63,Viral American History,Historical & Nostalgia,⭐ Premium,0,20503,2834,uploads/c0e9a2411f7062121024a777.png,prompts/63.html
62,Chubby Orange Cat + Baby Viral,Animal & Pets,⭐ Premium,0,10556,1477,uploads/209cb13d6145a99a194be669.png,prompts/62.html
61,Slime Face ASMR,ASMR & Satisfying,⭐ Premium,0,19792,3150,uploads/561b0ce4f9e10c2b6a95fd7c.png,prompts/61.html
60,Basketball Kisscam,Sports & Action,⭐ Premium,0,25430,3551,uploads/f3bedcd3b1a56c84f836cae8.png,prompts/60.html
59,Ringcam Video 15 Sec,Comedy & Entertainment,⭐ Premium,0,25475,3855,uploads/be843317fd362e1846154547.png,prompts/59.html
58,Seedance 2.0 FIFA Football Girls Fans Audience,Sports & Action,⭐ Premium,0,14824,2245,uploads/8c0e5f73230bb72a0f570641.png,prompts/58.html
57,Seedance 2.0 Miniature Prompt,DIY & Crafts,⭐ Premium,0,9468,1345,uploads/c2c9f73e35c6b78faf58ae4f.png,prompts/57.html
56,China ka live Naruto cosplay,Art & Animation,⭐ Premium,0,7532,1092,uploads/50e74051197e69de30a9325e.png,prompts/56.html
55,basket ball trend,Sports & Action,⭐ Premium,0,8947,1374,uploads/b5145df8fae8fc0a5baeca2d.png,prompts/55.html
54,Seedance Demon Slayer,Fantasy & Sci-Fi,⭐ Premium,0,14347,2042,uploads/6e184a4745e35e396d545b99.png,prompts/54.html
53,Seedance Wildlife,Nature & Wildlife,⭐ Premium,0,4407,629,uploads/ffd7816a88d95923b74cdb58.png,prompts/53.html
52,Seedance Future Bike Concept,Fantasy & Sci-Fi,⭐ Premium,0,24340,3353,uploads/9b864f129e1e38eb62a85159.png,prompts/52.html
51,Seedance Courtroom Drama,Comedy & Entertainment,⭐ Premium,0,5983,938,uploads/0409ef6c657c9a7fa7465c6f.png,prompts/51.html
50,Seedance Chinese Dragon POV Video,Fantasy & Sci-Fi,⭐ Premium,0,6100,978,uploads/f9b9d2bbca86d4bf056c0965.png,prompts/50.html
49,Seedance 2.0 Viral Water Challenge,Sports & Action,⭐ Premium,0,14566,2183,uploads/935e12440ab68df2a602f65d.png,prompts/49.html
48,Seedance 2.0 Healthy Fruits Making Recipe,Food & Cooking,⭐ Premium,0,3619,503,uploads/3a387741ceabb85ebf3ff470.png,prompts/48.html
47,Seedance 2.0 Cat Prompt,Animal & Pets,⭐ Premium,0,8649,1353,uploads/f0b6b6e9f31cfb8d2cf02387.png,prompts/47.html
46,Killing AI Dumpster Diving Master Prompt,ASMR & Satisfying,⭐ Premium,0,5438,816,uploads/b4b58fb8565344e6ec7b5fae.png,prompts/46.html
45,Seedance 2.0 Tiny Police and Giant Bodybuilder,Comedy & Entertainment,⭐ Premium,0,5219,843,uploads/92211d298e009490df1bff0f.png,prompts/45.html
44,Seedance 2.0 Jesus Emotional and Miracle,Emotional & Inspirational,⭐ Premium,0,6036,912,uploads/86b6a3fd35c8d01967c67081.png,prompts/44.html
43,Seedance 2.0 Big Dog vs Baby,Animal & Pets,⭐ Premium,0,7404,1159,uploads/35f7b386c83e72ee4c5573b2.png,prompts/43.html
42,Seedance 2.0 Capsule Transformation,Fantasy & Sci-Fi,⭐ Premium,0,5420,890,uploads/32df0b36f433367b94769f48.png,prompts/42.html
41,Seedance 2.0 Funny Sleep War,Comedy & Entertainment,⭐ Premium,0,5121,759,uploads/1d0597685434e30ac6bbb132.png,prompts/41.html
40,Seedance 2.0 Naughty Toddler Prompt,Kids & Family,⭐ Premium,0,7472,1163,uploads/11c08ff4258a56fe2ed6826b.png,prompts/40.html
39,Seedance 2.0 Baby First Reaction,Kids & Family,⭐ Premium,0,7511,1113,uploads/5bb63f61e385f0b5aafb6aff.png,prompts/39.html
38,Seedance 2.0 Carpet Cleaning Prompt,ASMR & Satisfying,⭐ Premium,0,7356,1173,uploads/b71552a2a2a79aa623de6b67.png,prompts/38.html
37,Seedance 2.0 Roller Coaster,Sports & Action,⭐ Premium,0,4868,764,uploads/154e061c406bd717c98e410e.png,prompts/37.html
36,Seedance 2.0 Rich Mom Searching Poor Partner,Comedy & Entertainment,⭐ Premium,0,6527,803,uploads/116180479382174b8314ab50.png,prompts/36.html
35,Seedance 2.0 Mealworms vs Food,ASMR & Satisfying,⭐ Premium,0,6479,982,uploads/acf058784c42cf7feff24868.png,prompts/35.html
34,Seedance 2.0 Dogs Funny Bulldog Chihuahua and Pug,Animal & Pets,⭐ Premium,0,8185,1330,uploads/7ac1a96afe28b87dc5c64912.png,prompts/34.html
33,Seedance 2.0 Giant Creature Encounter,Fantasy & Sci-Fi,FREE,1,7930,1218,uploads/eff19cce59377e3a5f20e7a9.png,prompts/33.html
32,Seedance 2.0 Gorilla Viral Master Prompt,Animal & Pets,⭐ Premium,0,8274,1255,uploads/9ae58e026940d86e85f9efeb.png,prompts/32.html
31,Seedance 2.0 Disabled Shelter Dogs and Toddler Bond,Emotional & Inspirational,⭐ Premium,0,6241,1021,uploads/0172bbbf5b1057743b1bf59f.png,prompts/31.html
30,Seedance 2.0 USA Army and Funny Animal,Comedy & Entertainment,⭐ Premium,0,4850,716,uploads/a18a52b1076f6750adf99ab8.png,prompts/30.html
29,Seedance 2.0 Talking Parrot,Animal & Pets,FREE,1,3003,469,uploads/4ff4bff80b0226b4bfeea48e.png,prompts/29.html
28,Seedance 2.0 Panda Content,Animal & Pets,FREE,1,3011,441,uploads/6e61a77a9658f52b46cf5170.png,prompts/28.html
27,Seedance 2.0 Tiny Baby Pet Dragon,Fantasy & Sci-Fi,FREE,1,3578,513,uploads/1d80ba49dce75cff05c2184a.png,prompts/27.html
26,Seedance 2.0 Alien UFO USA Viral Prompt,Fantasy & Sci-Fi,⭐ Premium,0,2739,423,uploads/cc17878e104bf02b7a9d1d8c.png,prompts/26.html
25,Seedance 2.0 DIY Garden 3D Art,DIY & Crafts,FREE,1,3710,550,uploads/579a6b24625c6bbee49814a7.png,prompts/25.html
24,Seedance 2.0 Bath Bombs,ASMR & Satisfying,⭐ Premium,0,4653,704,uploads/9f8c7bb1f17fe631e21e7314.png,prompts/24.html
23,Seedance 2.0 Pets and Toddler Love Bond,Kids & Family,⭐ Premium,0,4044,586,uploads/1b3bd8af7994b9181920bfb4.png,prompts/23.html
22,Seedance 2.0 Animal ASMR Video,ASMR & Satisfying,⭐ Premium,0,1453,208,uploads/dcc296950379e5d612baaa10.png,prompts/22.html
21,DIY Cement Plaster Pots Short,DIY & Crafts,⭐ Premium,0,9060,1403,uploads/a80da1424c5ad16c61fca05b.png,prompts/21.html
20,Topiary Shorts Prompt,DIY & Crafts,⭐ Premium,0,14780,2124,uploads/e870b3a537de9b092dfb8162.png,prompts/20.html
19,Long Abandoned House Restoration,DIY & Crafts,⭐ Premium,0,19222,2745,uploads/f94e6843efc85f15c5379eb2.png,prompts/19.html
18,Image Prompt,Art & Animation,⭐ Premium,0,1574,234,uploads/f0f7ade47df228d337600847.png,prompts/18.html
17,Jungle House,DIY & Crafts,⭐ Premium,0,6387,817,uploads/aa2b62500ffc45796b1a5b71.png,prompts/17.html
16,USA Army Content,Emotional & Inspirational,⭐ Premium,0,10836,1527,uploads/baed4b418028d4c86be14a0f.png,prompts/16.html
15,Giant Creature Encounter,Fantasy & Sci-Fi,⭐ Premium,0,4921,745,uploads/59250b6a761128698c95e9f1.png,prompts/15.html
14,Seedance Restaurant,Food & Cooking,⭐ Premium,0,11551,1691,uploads/6146ab4a47b20dfbf042d94e.png,prompts/14.html
13,Takashi Castle,Comedy & Entertainment,⭐ Premium,0,5631,853,uploads/a874ff22f5550e33405ef170.png,prompts/13.html
12,Law of Attraction,Emotional & Inspirational,⭐ Premium,0,4090,631,uploads/1b0f2c39a799de703b09f56d.png,prompts/12.html
11,Seedance High Jump,Sports & Action,FREE,1,6383,974,uploads/8532a0fba01ea18b7ecba89a.png,prompts/11.html
10,Seedance Baby First Reaction,Kids & Family,FREE,1,7511,1113,uploads/ac75e860fee00cf035cf6d30.png,prompts/10.html
9,Seedance Mermaid Egg ASMR,ASMR & Satisfying,FREE,1,7812,1247,uploads/6f7cd2d969df1fec772e6998.png,prompts/9.html
8,Backyard DIY ASMR USA,ASMR & Satisfying,⭐ Premium,0,6033,880,uploads/048ec461446d2b5865b2cc1d.png,prompts/8.html
7,Social Experiment,Comedy & Entertainment,FREE,1,5152,818,uploads/bf103259117e3ba64aca9d75.png,prompts/7.html
6,ASMR Food Cooking,Food & Cooking,FREE,1,1713,250,uploads/cb1aac4c29eaf7f87e8f5d08.png,prompts/6.html
5,USA Army Emotional Content,Emotional & Inspirational,FREE,1,8939,1394,uploads/86d515f84d3abb45d2602fff.png,prompts/5.html
4,DIY Garden Backyard Hack,DIY & Crafts,⭐ Premium,0,6381,971,uploads/bb3e964acce1469677feeb5a.png,prompts/4.html
3,Water Sport Challenge,Sports & Action,⭐ Premium,0,7647,1176,uploads/bc78121563908e4f7d89f007.png,prompts/3.html
2,Sculpture Art 30 Sec Reel,Art & Animation,⭐ Premium,0,6311,978,assets/img/cover.jpg,prompts/2.html
1,T-Rex Dinosaur Tiny,Fantasy & Sci-Fi,FREE,1,6100,978,uploads/4d1461020fd0f5d9348c5753.png,prompts/1.html
